{
  "alpha": 0.5,
  "method": "caputo",
  "config": {
    "modes": 8,
    "width": 32,
    "epochs": 100,
    "learning_rate": 0.001,
    "physics_weight": 0.1
  },
  "training_history": {
    "loss": [
      0.1578843891620636,
      0.15788224339485168,
      0.15788185596466064,
      0.15787997841835022,
      0.1578809767961502,
      0.15787698328495026,
      0.1578764021396637,
      0.1578749716281891,
      0.15787367522716522,
      0.15787361562252045,
      0.15787270665168762,
      0.15787041187286377,
      0.15786948800086975,
      0.15786868333816528,
      0.1578681766986847,
      0.15786749124526978,
      0.15786737203598022,
      0.15786822140216827,
      0.15786540508270264,
      0.15786442160606384,
      0.15786491334438324,
      0.1578640192747116,
      0.15786375105381012,
      0.15786346793174744,
      0.1578620821237564,
      0.15786196291446686,
      0.1578616201877594,
      0.15786269307136536,
      0.15786072611808777,
      0.15786032378673553,
      0.1578613817691803,
      0.15786011517047882,
      0.157859668135643,
      0.15785931050777435,
      0.1578591763973236,
      0.1578589826822281,
      0.15785883367061615,
      0.15785884857177734,
      0.15785843133926392,
      0.15785853564739227,
      0.15785828232765198,
      0.15785838663578033,
      0.1578580141067505,
      0.15785790979862213,
      0.15785786509513855,
      0.15785789489746094,
      0.1578577607870102,
      0.15785866975784302,
      0.15785756707191467,
      0.1578575223684311,
      0.15785744786262512,
      0.15785741806030273,
      0.15785737335681915,
      0.15785732865333557,
      0.15785793960094452,
      0.15785735845565796,
      0.1578572690486908,
      0.1578572541475296,
      0.1578572690486908,
      0.1578572392463684,
      0.15785722434520721,
      0.15785722434520721,
      0.15785720944404602,
      0.15785720944404602,
      0.1578572690486908,
      0.15785717964172363,
      0.1578572690486908,
      0.15785717964172363,
      0.15785717964172363,
      0.15785716474056244,
      0.15785712003707886,
      0.15785714983940125,
      0.15785716474056244,
      0.15785717964172363,
      0.15785712003707886,
      0.15785716474056244,
      0.15785714983940125,
      0.15785714983940125,
      0.15785712003707886,
      0.1578577756881714,
      0.15785712003707886,
      0.15785712003707886,
      0.15785710513591766,
      0.15785713493824005,
      0.15785710513591766,
      0.1578577607870102,
      0.15785713493824005,
      0.15785712003707886,
      0.15785714983940125,
      0.15785759687423706,
      0.15785712003707886,
      0.15785712003707886,
      0.1578577607870102,
      0.15785714983940125,
      0.15785710513591766,
      0.15785710513591766,
      0.15785712003707886,
      0.15785716474056244,
      0.15785712003707886,
      0.15785712003707886
    ],
    "l2_error": [
      1.0000889301300049,
      1.0000251531600952,
      1.0000039339065552,
      1.0000004768371582,
      1.0000001192092896
    ],
    "learning_rate": [
      0.0009997532801828658,
      0.0009990133642141358,
      0.00099778098230154,
      0.000996057350657239,
      0.0009938441702975688,
      0.0009911436253643444,
      0.0009879583809693736,
      0.0009842915805643154,
      0.0009801468428384714,
      0.0009755282581475767,
      0.0009704403844771127,
      0.0009648882429441257,
      0.0009588773128419905,
      0.0009524135262330098,
      0.0009455032620941839,
      0.0009381533400219318,
      0.0009303710135019719,
      0.0009221639627510076,
      0.000913540287137281,
      0.0009045084971874739,
      0.0008950775061878452,
      0.0008852566213878947,
      0.0008750555348152298,
      0.0008644843137107057,
      0.0008535533905932737,
      0.0008422735529643444,
      0.0008306559326618259,
      0.0008187119948743449,
      0.0008064535268264883,
      0.0007938926261462367,
      0.0007810416889260654,
      0.0007679133974894983,
      0.0007545207078751857,
      0.0007408768370508577,
      0.0007269952498697734,
      0.0007128896457825364,
      0.0006985739453173903,
      0.0006840622763423391,
      0.0006693689601226458,
      0.0006545084971874737,
      0.0006394955530196147,
      0.0006243449435824273,
      0.0006090716206982714,
      0.0005936906572928625,
      0.0005782172325201156,
      0.0005626666167821523,
      0.0005470541566592572,
      0.0005313952597646569,
      0.0005157053795390643,
      0.0005000000000000002,
      0.00048429462046093607,
      0.0004686047402353435,
      0.000452945843340743,
      0.00043733338321784806,
      0.0004217827674798847,
      0.00040630934270713783,
      0.000390928379301729,
      0.0003756550564175727,
      0.00036050444698038553,
      0.00034549150281252655,
      0.0003306310398773544,
      0.00031593772365766127,
      0.0003014260546826097,
      0.0002871103542174637,
      0.0002730047501302267,
      0.00025912316294914234,
      0.0002454792921248144,
      0.00023208660251050164,
      0.00021895831107393473,
      0.00020610737385376356,
      0.00019354647317351177,
      0.0001812880051256552,
      0.00016934406733817422,
      0.0001577264470356557,
      0.00014644660940672634,
      0.0001355156862892944,
      0.00012494446518477025,
      0.00011474337861210548,
      0.00010492249381215483,
      9.549150281252637e-05,
      8.645971286271918e-05,
      7.78360372489926e-05,
      6.962898649802815e-05,
      6.184665997806824e-05,
      5.449673790581613e-05,
      4.758647376699034e-05,
      4.112268715800956e-05,
      3.511175705587434e-05,
      2.9559615522887284e-05,
      2.447174185242324e-05,
      1.9853157161528526e-05,
      1.570841943568452e-05,
      1.204161903062634e-05,
      8.85637463565564e-06,
      6.155829702431171e-06,
      3.942649342761118e-06,
      2.2190176984600023e-06,
      9.866357858642206e-07,
      2.467198171342e-07,
      0.0
    ]
  },
  "metrics": {
    "l2_error": 1.000001311302185,
    "linf_error": 0.8383385539054871,
    "mse": 0.1578574776649475,
    "mae": 0.2997543513774872,
    "training_time": 2.0053958892822266,
    "memory_usage": 0.7526588439941406
  }
}